Loudness_dB,Pitch_Hz,Tone_Stability,Amplitude_Modulation
77.48357076505616,2559.7421746344007,0.8162410862512809,0.3092192442122609
74.30867849414408,2369.8534731651075,0.842774066464224,0.4139614989220498
78.23844269050346,2023.8521479680696,0.810379003950002,0.45863944665783557
82.61514928204012,1741.2252889177705,0.834601923518048,0.688768765734019
73.82923312638331,2279.289325445436,0.7553192666523108,0.5556553124533758
73.8293152152541,2157.3941541687,0.8606646853686469,0.3664518430900109
82.89606407753696,2358.077288011093,0.8500602737681112,0.5486036289417637
78.83717364576455,2254.068720672788,0.8091455684465905,0.34526960110616345
72.65262807032524,2419.821086127734,0.8829622834216202,0.6082691053887074
77.71280021792982,1785.9059153757728,0.8968785068813279,0.45288753481821215
72.68291153593769,2526.9576262537303,0.7696220067815512,0.49063638112608293
102.14901105257816,11455.158491860013,0.32960606361104283,0.632579664754219
76.20981135783018,2830.104349050106,0.8115428825106351,0.371283643141575
65.43359877671101,1724.3248727641728,0.8030048449445567,0.3602881814887009
66.37541083743484,2694.3855212660997,0.8914737420965874,0.4416400673653995
72.18856235379513,2079.164313385059,0.8403086930613598,0.6038378851019317
69.93584439832789,1739.4327985542207,0.8367742579344695,0.3480653924523157
76.57123666297637,1806.4456663782714,0.7498068817796623,0.2167844401889431
70.45987962239394,1871.861076722272,0.8817709015104613,0.45488411415910013
67.93848149332354,2169.6663785607666,0.7880370802573263,0.555174079991092
82.32824384460777,2209.1341952141997,0.8529966315133164,0.6200261749738829
73.87111849756732,1770.5199984245685,0.8638688468979095,0.4536838637914601
108.60285464193653,8282.786432737465,0.2670813626992694,0.4588573392883998
67.87625906893271,2856.9081434447453,0.7845589800440443,0.6153900734255747
72.27808637737408,2691.0172680402848,0.6990243922089587,0.3130258300304579
75.55461294854933,2174.5294678696127,0.8591924772376848,0.46114792248169906
69.24503211288848,2015.20139126728,0.9400255590755426,0.5190423889925058
76.87849009172837,2048.0125306873047,0.9119473176469719,0.5449218721285034
71.99680655040598,2245.407189092167,0.8604829707637313,0.4490193306809117
73.54153125103362,1590.8829739206378,0.8254181907183976,0.5034441011705841
71.99146693885301,1897.049385030662,0.8903561298318655,0.25116726465870104
118.57526842410985,11203.272399439002,0.3539462836593761,0.43417515876661517
108.91773239719616,10344.941995123047,0.389430587201271,0.5453508712554468
118.2441647356305,10520.07472247531,0.23291321168586698,0.40177059657453207
79.11272456051594,1806.7254150802505,0.9030104953749439,0.5058984221589597
68.89578175014489,2629.594705316013,0.9879830019455539,0.5446872500802697
76.04431797502377,1509.6937347990636,0.8696207983589384,0.4657450799142235
65.20164938060113,1414.250047916072,0.824551818714625,0.5170463770996571
68.35906975550785,2089.780727423989,0.8487212843904003,0.40372674347153875
75.98430617934562,2418.8393210448617,0.761546204755544,0.4793388720303953
78.69233289997705,2673.5710765831473,0.8152643434455471,0.5610216169589223
75.85684140594985,1816.446294852424,0.8295358780943448,0.5156972960968434
74.4217585880588,2431.4723333725183,0.8237955801032704,0.4413468730436064
73.49448152205356,1984.5966121997171,0.8576177436016861,0.5224216404290793
67.60739004816287,1930.9490800236722,0.8088790033808899,0.5714609790636618
71.40077895802645,2353.463974994669,0.9060515333662236,0.29500587214225216
72.69680614520107,2260.929151365368,0.8500103532459098,0.6159074064955898
80.28561113109458,1369.4431372063002,0.8495349839430693,0.4663745261318928
76.71809144784231,2590.616139890358,0.8336052641743541,0.5425489933240231
66.18479922318633,2552.0365416589807,0.8577595341929489,0.6197246923645228
76.62041984697397,1749.7749193961881,0.8912549132333817,0.3628326302769534
73.07458859791842,2158.3214133749634,0.806643489214455,0.42905589975724534
71.6153899984702,2197.6120745130956,0.8170941755462371,0.4711451304124295
78.05838144420434,2104.269506329563,0.8348136985611667,0.42162464788755716
80.15499761247976,1779.877938461832,0.7827064538263392,0.6734936575836808
79.65640059558099,1731.3506528247794,0.8090371070139251,0.4143227906173207
70.80391238388681,1989.7783716034219,0.826188956322767,0.4444453220513133
73.45393812074393,2469.091607703746,0.8937194590356363,0.5204389031602977
76.65631715701782,2217.440061837773,0.8631280664500962,0.3797850473923911
105.35994533768756,10417.217679285915,0.244094096199874,0.4604319288243736
107.5663121433052,9662.511128116621,0.39312196627617685,0.5317453261250176
74.07170511668092,860.5829517479699,0.8431314105800302,0.4667139595617489
69.46832512996986,2459.506280148841,0.8695232424964444,0.4906613141100052
69.01896687959665,1304.1144884887601,0.8448389123533752,0.4470667887551629
79.06262911197099,1855.023623438747,0.8632681174699814,0.3485529690819233
81.78120014285412,1552.1320421495425,0.8208620671194209,0.5321593211339238
74.63994939209833,1482.1274097116377,0.7280591420861785,0.6754933071647242
80.01766448946012,2464.3307149514076,0.8432860418906848,0.5018401630783438
76.80818012523817,1812.9195194752435,0.921137406804997,0.522526411724755
71.77440122697438,2138.6015526922865,0.8963107701120796,0.5692722755116859
76.80697802754207,1981.2317684483264,0.8982698742295585,0.3730669503453301
82.69018283232984,2190.8163308892485,0.9118065360903109,0.6702514658129606
74.82086980445024,2030.7287564241021,0.8544328795480719,0.5202328796422802
82.82321827907003,1486.8031103245721,0.8598657853702798,0.6631856899089109
61.901274479551276,2398.506727778856,0.8191174052282825,0.42669670044760105
79.10951252187611,1802.497366735475,0.8341963571986475,0.6818061922557825
75.43523534119086,1377.3672405360994,0.880788557488557,0.5775155494034783
73.50496324767066,1828.753935613635,0.9101942218584408,0.5553040085852359
75.45880388267751,2600.3039162537243,0.84302768621595,0.5234024454353148
65.06215542699553,2340.088696845397,0.8274905367574295,0.47514713819255505
73.90164056081244,1860.5391462368564,0.8500263979428299,0.6200531658473872
76.78556285755873,1860.2969182726285,0.8800603374464557,0.5140359869848047
102.71491706199802,10928.876825248888,0.3369450327762009,0.3032930296412848
72.40864890863176,2830.6991934243365,0.735190952343138,0.38828135382929974
70.95753198553406,2152.774180892621,0.8224731575254208,0.4814154247807253
72.49121478207732,2172.0166588764278,0.788964378704292,0.5309998983165555
79.57701058851038,2412.1133816127367,0.8245929901176344,0.4943411511100104
76.64375554829843,2095.5156636106053,0.8426109840591264,0.6218970789793663
72.3511989811648,1896.3831416717187,0.8273375795488493,0.30488981359613754
77.56633716556678,1921.4600603660087,0.9226233767235372,0.5143587936505161
75.4853877467402,1971.3594962343743,0.866337238230116,0.3182020774612845
79.84322495266444,1985.1111053960633,0.8650237179805413,0.5759712295484168
71.48973453061323,2291.051817454792,0.8811103572021701,0.4905541285557997
73.36168926701116,2020.7783543229198,0.7930583441109615,0.5419609972024119
73.0394592343392,2293.056030886232,0.9019555893710134,0.41361170394102337
67.68242525933941,1967.713367956567,0.846211785673227,0.6279464931657751
76.48060138532288,2031.4540761264363,0.8835240308620607,0.6041724664058852
76.30527636089944,1200.719726187157,0.7964071383479923,0.5583544303011888
75.02556728321231,2366.5310698809926,0.7723120616991968,0.4870482753136559
73.82706433312427,2138.595390359197,0.8908944829012514,0.5579857285295132
67.92314628974793,2399.204043943861,0.8688204763048758,0.4293107432012651
72.89677338617321,841.4978487225244,0.8048974222821245,0.5855555659020713
73.28642741736616,2835.349881912291,0.8065168459362653,0.6649480894323921
114.42109321795743,8577.248174749926,0.38531707664367626,0.6070610559979186
74.19357144166996,2443.273126695007,0.7905294053566336,0.42703975301925906
77.02025428407269,1584.0376291497878,0.9321336476627982,0.5361417317273103
84.43092950605265,2245.109562025028,0.8049689632676066,0.3706858456241352
75.8728890641592,1578.6337747305374,0.8819195962804192,0.5572390311175676
76.28775195361382,1750.4924157216778,0.8335690762125507,0.5450603412862539
74.62777042116916,2765.6125415467145,0.8801593715541172,0.31301836604678357
65.4061439235048,1923.7270396946615,0.8227942998942903,0.3838216156087636
74.86743062275391,2086.9731492718893,0.8418603546963853,0.4716861103256233
101.34569225843029,9643.77020940044,0.3555969943141874,0.46991402528591736
87.31621056242643,2198.272755189042,0.7998906272109263,0.3790523064581195
74.03819517609439,2060.1675620574306,0.8870412172710063,0.5388978729352184
76.50773671166806,2145.98440098649,0.8243393216764208,0.5251473608940512
74.82644115147379,2961.36623409531,0.8385700042329991,0.48057308680214805
69.15660981190234,1976.9524811865658,0.8002825312695744,0.4244208499841637
80.7141140725751,2080.439618685987,0.7218833170602345,0.6048707126416564
78.75966516343387,2420.261758403045,0.8404486118699915,0.6655407113088295
106.84451049557809,11468.046427642403,0.2677013758850946,0.45164385161534626
70.4530627260263,2474.812122224152,0.8892302143949011,0.43878330828451795
82.0139715546805,2255.492088811674,0.8490369810132803,0.5491207665411997
114.1716709153565,9969.468194804995,0.28129254359041445,0.46419706202530137
77.93428546900135,2653.3726129204383,0.8511232946406023,0.48606027993367656
85.95227812904989,1541.4618427925247,0.8773559557587605,0.5739653151724672
70.04731837434656,2121.054186095613,0.7909593592345577,0.3090643912492707
72.16851135198614,1698.289659992257,0.9057160847334436,0.6318302324852669
75.4982568254382,1974.344661362803,0.8857690657720622,0.5072680524329342
72.48262172941901,2131.5049641213923,0.8859092862853967,0.45885068554378194
67.24668284466934,2128.5428861801092,0.8719237869404863,0.4910765845778551
75.34281487403014,2168.7683016941137,0.8509808328846995,0.4962429355020519
69.68848143136948,2645.4845076234587,0.883643061798341,0.3268798696555074
77.36796215317591,2181.413720605592,0.8795907066870688,0.6494938227453236
70.40287882883098,1902.3373458837405,0.8322979644529488,0.5041325632270618
82.7496720250877,2385.634867315343,0.8213199113551549,0.5443002130447375
102.40756299011068,10263.407149642688,0.26178354456875325,0.5951549770574043
73.38969241897162,1508.956873945203,0.9274510075747593,0.39788375424397
79.06758608684835,2238.9600279399433,0.788044646217305,0.5473471899035228
68.84567841783023,2280.4690969243593,0.7766237367123779,0.47323589091012064
76.13729967302065,1880.9745986560033,0.8582380420618259,0.5846770775216494
81.53571377141213,2550.282725324648,0.8525443850928008,0.2872772579648505
66.96258382719387,1939.9777651869892,0.8586670832185204,0.4900905699758731
75.92316929266153,2050.230581388617,0.862197659895425,0.43971793442160384
76.29941397124212,1930.7712702864521,0.8388398872682598,0.5432262950634156
78.90911435888655,2006.231619032587,0.924493171930104,0.5470044187368203
68.81524644560959,1561.4899652419192,0.7699548010761742,0.4292374105177974
68.39771693457863,1423.9796469622822,0.8085751487609877,0.42878261358239567
77.60970782808448,2637.8020252899887,0.8448372619925476,0.48893346314426706
76.48492336616593,1661.215460672669,0.7678405594422916,0.4103357772684792
76.25246425172938,1603.443060217477,0.8412072797783964,0.5841983695452126
76.73224104748488,1138.643954558514,0.9330735082864009,0.4630792799552554
71.59987639210755,1744.415300924199,0.851044324414798,0.20930117806783582
76.16126848580502,1470.7640826370007,0.8615350452859342,0.46251779433781937
76.46536236649341,2656.8060640545477,0.786991761741371,0.39614561791560277
71.42824290986816,2403.926835737054,0.819181929598026,0.3368724184539055
84.32887255572378,1724.7398619289106,0.8312401809838031,0.37625733617774276
77.36916460455893,2900.9743221377234,0.8341142451621882,0.510940847183297
69.04348251398676,2392.7061947966376,0.9140821897501884,0.6328640828248231
117.49487299313132,11185.562890478835,0.2198292224555248,0.531318447386498
70.1265916488634,1000.2377140505707,0.7944271021531484,0.439349661178426
78.93542301871226,2916.377029036297,0.8623252389216002,0.5455904195170702
80.79297789503703,1444.1710132945616,0.8749110874248393,0.4540909689781008
70.89658840824144,1341.8405012172434,0.9070074519260634,0.43053996308368553
79.8168806462216,2409.0281728038563,0.9290270343284186,0.38456373317670156
77.06390463468249,2975.9009625357094,0.7992452904086066,0.32481711932482804
79.11030079997245,2553.7091274042073,0.809457124439483,0.4610076293440555
84.48396491326974,2225.5636480209437,0.7871211070542692,0.5158053489920131
73.77305941998564,2237.901736666114,0.8382990070446509,0.490337632998511
71.23131917821256,2341.3662235121233,0.8733179187223167,0.4584033072052641
70.55242785187238,2303.571435914706,0.8993667258294551,0.4054253939303219
70.92094857517282,2112.4765695877504,0.8462024488178739,0.5608246191684969
74.61449145292949,2041.6804415807505,0.8340076238372578,0.3682868080053415
76.70575987408321,1974.9627488401911,0.857587899612437,0.5776027913843476
76.38345399665009,1698.4141644533295,0.8082428549184988,0.3997782981073275
79.13591624518011,1887.7299692532904,0.9544769360847387,0.4247564762646965
75.06500945938953,1322.8172743218458,0.769616948644097,0.3533214809384323
82.26767038578659,1960.6641492821,0.8592370289447862,0.44985978531143633
73.67671583381022,1604.563557139633,0.9511803109614819,0.5975312458477979
88.6008458329481,1558.5642731136916,0.8503399922279998,0.5515628088443957
78.12833673882503,2071.9576604613912,0.8404980482499252,0.5978422112028035
70.71421221791859,2556.8009145378396,0.8321277288594786,0.5522142545933936
69.64553750969444,2367.3266424009253,0.8409804159118796,0.3896330171469631
77.41236207621593,1371.7997585507292,0.9186424237338264,0.46692107756724427
73.88268607337075,1604.148745371865,0.7394069044335246,0.42198008708825374
78.57000247046047,2376.3084751952865,0.9266716850648162,0.633057490403904
77.36618812286773,1607.0050425846762,0.7788021423774927,0.38032113535736883
74.63585543671563,1910.1467400011902,0.8366673835382792,0.5893697689389111
70.76603140965797,2220.0208396098205,0.8285377789850669,0.5892953870108769
67.42576387657067,1612.662218054546,0.879427663488536,0.6829620201716087
72.76742523966489,2042.150202458384,0.7700937824058126,0.45903134073705026
79.28199397161737,1466.3898020327183,0.8731086333040972,0.5712322159580162
76.07046872065102,1759.4529424195146,0.9512154811643426,0.7281651836538843
68.77130610644006,2127.912773657015,0.7818412997703594,0.4382358323066303
75.86590462925591,1362.8025065873321,0.8594853083805197,0.346495975246764
76.92658689864419,2176.1898951841595,0.8169008911101695,0.3119989966092236
70.58071281899433,1992.1448804293275,0.8712943603096518,0.5712712028861331
75.76862552972764,2220.995981766859,0.8509573888707875,0.3116849791941416
75.29104359223,2089.565653625865,0.8179256545477845,0.4627680947062077
69.28514851084688,2545.6561719895376,0.8743936142435537,0.5437313187038961
76.78893680174141,2050.0898010591627,0.9402174054893371,0.5185175536829914
77.80392263184117,1828.2377835498987,0.840454810413635,0.5425444864184172
80.41525621587638,2048.9190012129134,0.8859878971074091,0.5222289855800855
80.26901026017451,2217.319211614555,0.7853363521064418,0.6278865813313393
68.11165316021454,2019.5440281302817,0.8021781811590996,0.4047683619261203
70.31087480042439,2016.2366764815529,0.8736203138940188,0.43230048615414685
77.5751763360433,1719.2033248772977,0.9242058014267982,0.4227340554729176
77.56892975456104,1734.8396329796208,0.867780667439283,0.5830191811862611
77.57523843153024,1438.9578912801226,0.8343470984738423,0.5900398588395064
94.26365745327361,2699.830697274776,0.8499645702711677,0.5451225319318508
77.85445255346583,1502.454705843486,0.7874796133015141,0.6183493666889928
80.677828200903,1722.837920881637,0.8802257663177683,0.3821959132623619
79.770008817466,1712.637093772321,0.8941166531161704,0.6667224111551138
78.256956256529,2357.9697507777764,0.827395483358346,0.6523238621712258
73.42365377679828,1882.020128683189,0.8264978926120249,0.5735621997245747
78.79484610246634,2499.0968290694937,0.8632939114826024,0.678179890877106
71.13587392731215,1730.6037503024527,0.8281640131979702,0.3343376792322226
73.81590696629996,2111.5976648895207,0.8466933692687089,0.4475551863737348
72.57318226085448,1665.861178696097,0.9549860894583257,0.42646965393180475
75.40937069693162,2858.0596511093554,0.8376487149627001,0.5721479323757344
86.57329283336755,1524.9606323881949,0.8320829923989389,0.39498592603978544
65.66367403704126,2123.928284090811,0.817622909718242,0.5757495149337486
78.43130095187257,2253.5107523728393,0.8872095985749968,0.6370536143996713
66.93642064405174,2165.519638980599,0.8409387913390949,0.5695202900084
72.64034067105283,1925.8849364489167,0.8175313480839287,0.5283751023661502
80.44475298483682,1948.0717201066295,0.9160652016136506,0.4012126659099251
75.32140009547732,2017.5245887916437,0.9209801502256818,0.4153149033874635
69.61127611035347,1941.1991993486045,0.8199788217130647,0.6249618905296667
71.42348145370016,2385.551646717964,0.7566730024319692,0.5779349003905332
78.39798874467338,2884.2092006365406,0.9003756844918461,0.4960980480622456
71.34816684141431,1777.0032859968665,0.8157685087119998,0.45820904542341095
76.08229294790988,1452.0788081683688,0.8895312799581384,0.2974192126888623
102.92193131082641,10944.141601704261,0.3332814609389838,0.39291475813155613
105.62954604901839,11982.580706697398,0.32325814967082894,0.6911419087139723
85.71972044662662,1678.5301728121076,0.7894414035359609,0.3719544428997533
78.16959511159006,2655.646722177627,0.8865382059533262,0.518947982122108
64.87428706671196,2671.080325630576,0.8507136533918217,0.6007443973195199
75.93227157384713,1778.5647033168023,0.8023030290301677,0.3745077331997707
71.69106767615806,2227.59323167411,0.829648184353661,0.5184710474781083
79.26216667398111,2651.358649251415,0.884315922847835,0.5937915537510655
71.0373963078365,1848.3489036050053,0.8552947226557617,0.501249932190725
74.4263177926655,1918.5678559590554,0.8792206490236242,0.7868403055666768
77.52493639490228,1767.3276344205424,0.9488220292257743,0.3331400741121805
111.92087190955294,11406.325600068949,0.2349569975766732,0.6058728529883879
68.99851796472112,1740.2889819735972,0.9308606287484311,0.4827198262603536
73.32749382079525,1510.4238932950975,0.8552177968761606,0.5771920154836675
72.62527344419522,2013.6333873036904,0.8050607975838435,0.5441307151699246
71.73335383713145,1692.0107075765432,0.7834843187130505,0.42668438028900035
83.82727120140548,2093.514364716299,0.8405439804611483,0.5228996392459341
77.02490855480478,1377.6417415185492,0.8960825055962229,0.3142098548601713
68.69558022832477,2132.352092885783,0.8436225439811232,0.5603247500571393
79.58930973527389,2333.4115846435698,0.9255577465123673,0.5298158465990526
115.9022056505345,9770.774807869744,0.3465225398480798,0.5638660168643103
80.16232630275573,2149.622627939029,0.8493955526076973,0.6058118325087151
67.40315017022994,2491.067596989317,0.7873803277793441,0.5367619840209711
72.57882963566874,1516.1435925235178,0.8681815941312484,0.5148089419798276
81.33455574593312,2669.0289547350812,0.894344369504865,0.41189316633387074
71.4616526719061,2167.607603746418,0.8289619103159473,0.4287779236350949
77.21909714073114,1717.9952576966366,0.7197893071686432,0.6186734620177331
78.87317026714669,1977.6923689369175,0.8599474073398247,0.6436335405705979
70.36534764210958,2223.330765008689,0.8718369275866754,0.4761889563687946
74.702373219691,2030.4021565649646,0.8702147377480849,0.5046002747253274
104.70062597623837,10024.178769647346,0.3171616788430489,0.40953856250062337
69.87806179332856,1631.7305627682535,0.7964473160175476,0.6172756845267445
73.7371592430342,2067.744329614431,0.8840108052725224,0.5665416823691779
68.76108409017576,1434.514201238008,0.9096253756238988,0.6941217436463749
83.16205651965818,1955.50957546052,0.7610706207996741,0.4121676922820261
67.84929311019684,1638.436943414084,0.8659825912959488,0.46219921009817827
72.79977756651508,1705.7880229640934,0.8247910084496164,0.5231445922525573
75.65370288643045,2494.437270084175,0.8459238663449177,0.5646489537725771
82.20636644533057,2436.5240482377076,0.8673838241769168,0.47843323624523676
67.82068924410281,2243.6552483628707,0.8256385717943223,0.41270389095462995
80.8158187607748,1563.0748941309685,0.8162145960419194,0.5881407528923571
75.05116530509794,1873.4366201220791,0.8517076208744012,0.5721135362545582
70.09245674476024,2485.2390799916734,0.7956377030568599,0.4083725899436275
77.31051737131635,2056.686765455962,0.7957087435557407,0.6355442801105495
75.99529847786735,2927.7318159926776,0.8839686641478252,0.6170198709196604
71.99891561420603,2157.3271357577487,0.7925602982420672,0.5134296497247793
75.3490104249501,2076.8196465960127,0.8833156250454606,0.5079597862376036
73.0734320156912,1876.3534143189995,0.8731295646426975,0.5554057771115907
75.56758672625624,2053.416361912913,0.7637096635604701,0.41382969297437416
78.31065337260523,1939.0120654477823,0.8161217673832172,0.5030031479164082
82.93008408072676,2283.243470675436,0.9097054701523686,0.28476164553908195
68.81092250586576,2382.6809267178337,0.8009417234430158,0.5876455645502936
85.66516687328134,1685.6042157968202,0.8267797868845306,0.343850677755814
65.23956100238749,1467.5068185768887,0.8731030446625948,0.6503419828428999
116.85890964912394,10874.797063891183,0.28007132536796614,0.46698799060335494
77.94158603242288,2203.1965307650175,0.8374230556977752,0.4788333018068823
76.40495933867517,1558.6533575304506,0.8201244902654179,0.43722660939154945
71.88650240089703,1138.8437628190068,0.9211184930849253,0.4711961126077924
73.95938874821363,2155.431441812386,0.936944983189879,0.6418531345148036
119.987006009444,8079.8917303121125,0.32289989205103853,0.251219134346492
72.05317621527894,1997.5716353840426,0.8542659071282512,0.6276965386088188
79.24801048510513,2335.396309780657,0.8095867139179537,0.5338023481101708
76.78507742982524,2032.731743419026,0.8084777796721717,0.37929783521427846
71.53545202369673,1960.444138723543,0.8761257052632878,0.3924687606950762
79.49799937716625,2367.6305931951074,0.8709199110444341,0.6676393027208203
76.53649760438304,1883.8901823245394,0.9200799296473214,0.40544931200572687
79.06431059419481,2106.9569256287614,0.8825225046268069,0.38466494894040404
78.14814420961807,2128.6791224784056,0.7748459849120091,0.6137314542364729
70.85502494538964,1732.7638185427804,0.9025973808861459,0.5338552876285915
72.19909479901516,2396.816939814609,0.8000969686342794,0.4062074423463601
78.7364680256163,1930.0160973218365,0.8308014364023824,0.5216624975404619
78.05185132716733,1697.701936202862,0.8625100103125847,0.39742473163597225
74.89549203017926,2214.6039374281613,0.9497833744891981,0.6100821398422606
75.58663691654391,1640.612807283585,1.005495927800268,0.6061370964873134
81.38832447894212,2011.2724629476513,0.8803361529568091,0.5532006198821943
72.04214305582084,1996.3524013423187,0.8408401690639806,0.5361661061247016
77.7354869058502,2434.358226332631,0.8767252824240275,0.6761188124867374
73.98903673783053,2189.879293151981,0.8943827712936918,0.4999686327388225
73.9115939838639,1989.9892165019423,0.8339666187221404,0.3818125874579199
80.49388425993595,2327.1065196801146,0.9397605677956161,0.5449473912832307
79.12708174494014,2556.0830196069255,0.8615035379595701,0.7086047049537114
79.06754818000319,2223.124122540745,0.8748871544545697,0.3985240506814148
81.52739403577165,2004.1410479373521,0.8832962126027231,0.46385372333060143
75.1050192081638,1475.2655070599362,0.8710793305307227,0.5416446038101452
78.40976485647482,1573.9545347698509,0.8919470250234806,0.4946095150994261
73.44866621703272,1877.910118258133,0.8191373406726539,0.40176964196226855
76.62083176244221,1756.1951191362868,0.8220849123026984,0.612185785623047
74.34928472816158,1925.2114788058216,0.7949922883514152,0.7320040722017259
75.48497982496359,2022.6599699588428,0.8719750615310113,0.5196131459023907
77.97578512718457,2211.8771017426925,0.8889468251756056,0.40959317102639997
70.90889658383264,1971.8004887763634,0.8728886433075943,0.34510394749465245
85.4619363784273,2194.600657530481,0.9337246216673769,0.5257975981221181
69.96991309250149,2025.7897659240482,0.8497201990585477,0.6103877343316257
68.92905693606134,1209.8133734584515,0.8834370827796256,0.5475167746495382
80.79055436750033,1624.2658424724982,0.7954149561930343,0.49975961590811463
78.95831346981468,1942.3649777113537,0.83064501487628,0.4410728348210694
78.12059908526078,1516.1221028635568,0.8847768878782889,0.39078363672819105
78.1417275463214,2239.9714919984817,0.8924551055371572,0.5834751326324882
110.0575104013117,10872.272644803443,0.2778779559333747,0.5913771621385586
70.51372814257084,2487.5047406789267,0.8464200374070966,0.3454270213309267
75.37902279096863,1914.6228516279168,0.7741063126659595,0.6589838978180684
71.61419144243945,2596.2904547399808,0.8321485399596695,0.5574071220894001
79.87559866708875,2059.4669828808446,0.8945191581759893,0.6399594645145794
74.2647130924893,1865.1656115527842,0.8787602508053283,0.3657872251514885
70.87251401603744,1754.6389345836242,0.8750332860690605,0.36341758445845607
118.81501718468922,11264.227028457295,0.22587612339334018,0.48510306902327033
77.06465727137812,1844.7292725835084,0.8503531579314088,0.5502784426895194
72.18137723598012,2068.166488950195,0.8169839430263276,0.6796360822926963
70.88889802216784,2064.2295924199457,0.8849414210101267,0.5706078913815131
76.21843605745956,2001.2184080613658,0.8710486472194695,0.47573187231879666
76.22483285554361,2174.77526789854,0.8746009423996399,0.3973630792334108
72.46528412314436,2476.2585099145367,0.823698257866621,0.623000057271915
72.64480847190839,2379.8216541765296,0.7423328540064378,0.4035294574249285
103.49562569749868,9728.269140266471,0.2751642438015882,0.6628468554772322
67.75957829251338,978.4315460392181,0.8260581271995797,0.47156153503934906
67.96268112811723,2373.7279644957093,0.806861211797844,0.659058207261785
71.40777889373783,1453.2485206338315,0.8846739455956997,0.5678931290059278
73.93276424144076,1910.0938392429266,0.8303993680040435,0.48630045105575415
76.55453782799002,1531.9547895762562,0.9029968192023311,0.4480603628173873
82.37678108474776,1279.207824967992,0.8808502974788348,0.465909212265392
79.2882981160101,2216.585091281915,0.8841784661600238,0.5428316692375238
74.20030735018287,2303.662064121059,0.7817022144399732,0.5077156496217716
74.90491896048655,1769.3958397093122,0.91059719926932,0.4406188591931295
69.98735317681096,963.583083142036,0.8630625265616928,0.4834368589682368
74.90743432003805,1781.502220699007,0.8315361430376899,0.507857702971915
73.5567068053993,2156.7216021610184,0.8571694233671125,0.28712659055851875
76.61359280169044,1408.4353724903485,0.761188238355084,0.5458168114788698
70.86384528223839,2073.3439679116623,0.8704326405740335,0.4020278775283193
77.59673257120586,1993.8760603308017,0.7985314245908964,0.3846667596794255
82.66369456501289,2231.7165998404353,0.7823664857078233,0.3312655652889289
114.38776311149641,8066.686202398532,0.28378472495858376,0.32061075021321095
77.0085586104947,1610.7724236473778,0.9056344187494962,0.3644552496887711
78.45071995855557,2478.6286006657965,0.8185368303153605,0.42909790423695093
72.99389764057082,1936.588170789212,0.9266863854958249,0.6953259137526568
76.12046240905208,1989.0781841960272,0.8232099268473851,0.4474120324104796
75.06296200390898,1626.6928163707216,0.7646321021203526,0.5177750106268031
75.48838049274416,1822.6870995233958,0.794173778002567,0.5400481386506328
71.13495108072267,1646.0789143892396,0.9117905810003469,0.5131065186215849
75.12255087129472,1930.8215760306307,0.8422050911031665,0.4922556539274006
77.48999145622724,2684.6833920569375,0.8225856351754699,0.38047062364007556
82.2557180389752,1451.2395428274576,0.8580009112926393,0.6450927548279212
79.79635413042604,1354.5754408493035,0.8750891368083772,0.6807196643637885
100.33825599843215,9627.094994288022,0.2490908925077861,0.3317341305877314
71.16326218555976,1916.2705291392535,0.9224249614946463,0.39759714091136206
79.36160318360339,1732.3709045360333,0.8320115677105457,0.4720189657622994
75.91671002869175,2415.9618749584306,0.783697615695898,0.40354622050898087
85.94901466608836,1757.7537841052545,0.8293267419438362,0.5505965553455865
70.95850857322424,2730.4038854187747,0.8630140253291443,0.4271727797593387
70.80139078909612,2271.1703485357075,0.8018120536894694,0.7165056067806602
72.0030367727799,1804.835436741719,0.8021424542552478,0.6190548594343597
64.38052137845096,2862.9232853062013,0.8671893940774943,0.5212574030632215
72.3712248915962,1757.7140307986647,0.8475673824214774,0.6026986263319732
71.20433669223151,2296.838148803723,0.8516398497705793,0.6105900424357309
75.75196893238103,2119.7170321625968,0.8120752332649965,0.44360525119417565
76.70877987888579,2520.696515759519,0.8384799642897116,0.41837827554580354
84.38085419607943,2624.604478690741,0.8037883427865847,0.5078143062969648
79.75211919093024,2012.8016596263067,0.8945099205562393,0.5861636124497944
72.11548172168798,1698.6328518615267,0.9017624667361877,0.5139060398653418
70.50792664325822,2183.9888571756464,0.7576906068880953,0.34230035178090024
77.45959585753253,1728.9138520991576,0.8035244569903794,0.41971755560491575
68.3988339648968,2805.354899010649,0.775173537245496,0.4926027136405622
84.15729382927177,2054.614132433095,0.8174988032796551,0.492433439567417
80.89720060360644,1853.8713794751566,0.8458281015104819,0.6972542176789809
72.65412173947648,2073.8721223459634,0.7775177390150735,0.36140120576010015
66.43432735454562,1461.1494841881213,0.8039070093437343,0.5505589241835874
81.76936187082707,1611.3543845957392,0.799802131395925,0.6489113108328289
74.42730077373692,2480.1655631777703,0.8603633664699472,0.7271449745422796
81.1890815598673,1737.2422884114417,0.8534672168518125,0.45956025768160386
67.02786170602816,1581.2356069272241,0.8139131223331373,0.54914294527202
72.00312488523113,2214.6611010109145,0.8588410436069699,0.5569760357198646
75.02621849859092,2474.2816618651987,0.8226659957706367,0.5195481731553291
75.2349029688237,2287.5813242660265,0.8364172444836974,0.4901154798760694
72.74967264260378,2398.4190743223267,0.9336726045149268,0.5435975389500046
113.04562225636893,8650.044261189825,0.2218964732137988,0.24677539147803146
69.66189785308703,1431.2757333032625,0.7850209381536201,0.5682069490062631
115.61398608343258,10927.490949146004,0.23846315455687012,0.5126177903661967
75.60147815855949,1870.9280644631458,0.8905698277245796,0.4777525103221735
77.57219417029374,1899.6667934179811,0.7925868355623691,0.7046862195719558
78.55807439044445,2531.277656739623,0.890938882187743,0.4325065981209448
69.37678954081065,2222.492003760264,0.9268965959206277,0.4596924010934969
67.32942914632189,2182.355108832643,0.7938727596877793,0.6991553302204734
81.38838410949255,2866.0009379604335,0.8041248589492868,0.41679386951501435
76.66157005989795,1742.5927078479428,0.9008830733421751,0.4449884717063461
71.25756731721724,2371.136051232495,0.8635747655412824,0.485297457656915
82.75575987761262,2022.8052499588339,0.8775738137619762,0.5840734482129549
75.57837317146429,2107.436911545303,0.8670294608200249,0.5207802507353313
80.89648592031914,2611.3873705650126,0.8695347960464072,0.3707374652847737
75.33759240705055,2203.1343025158494,0.7836763935844459,0.44678314368728106
85.30373962440993,2215.318431619853,0.9023658853310724,0.43926455667877884
83.77670421221602,2429.0029349239207,0.9084794996213886,0.49227789547769546
73.75517925760464,1854.018908182846,0.8385304627965986,0.5425843658629829
79.85785475477178,1664.3161330643975,0.8478261525093068,0.5418205755887973
78.22687974792574,1582.0763223915865,0.7734446248722139,0.3223988245951598
81.84315778766174,1213.4573642495993,0.8757127378008918,0.6063940987560856
70.17538269709948,2822.4828519761286,0.8786028720857072,0.5252568845996624
78.43025729999219,1558.7166537113267,0.8468904491500344,0.6384532047593906
80.29212243424794,1911.4985505656912,0.9062176679935251,0.5444198327290672
108.32321892812315,9951.600781117208,0.3650879791497258,0.6101322957735762
69.08370743667112,2122.96267912364,0.87823029629468,0.5466545311450127
118.20392248289393,8695.854823613354,0.2927872526909782,0.6346225756202748
73.65296582777721,2344.189395343898,0.8488223924562881,0.5522250636017778
78.58771127897981,1766.7690245724245,0.8412822871048582,0.4902084753557096
82.51178526048014,1933.1513144854355,0.8612653961020471,0.7272434720446882
75.37047390209888,2113.0319801953196,0.831523653558332,0.5889037122279892
83.14307772785646,1900.523549526581,0.8434263702164166,0.5573744421004413
68.09949270892554,2642.9382304079973,0.8913023585720753,0.37236955834616636
66.48308780322422,2196.3899806553004,0.8281617881380892,0.3711692382536462
74.72226150551691,2293.951114419927,0.769671144963066,0.5292715482141853
76.92032724469654,2265.1525074669653,0.937479195210271,0.5145521197768241
105.98846249606213,8843.052397719624,0.28222545565187585,0.4385877434991684
64.66278949980062,2072.4086234814827,0.785386865244719,0.514098269961206
74.55439980243605,1481.2672208176614,0.8844853902622597,0.6588626928043596
68.47765249747573,2159.8751807010567,0.8248512614724328,0.5695402474550298
78.3483627441502,1739.4572424832684,0.863174360766553,0.38589914902472616
76.83299123048424,1788.5533273000972,0.8647112064506747,0.4888491172857056
70.30060106836322,2234.5456075020375,0.8382796099841838,0.4195033519147439
72.43066541331653,2495.313228573454,0.8108117167206802,0.46123000835914385
69.70393239055524,2008.5086306944247,0.815472947384187,0.4586384334370357
74.68660451363414,2123.5332050395855,0.8041904042259378,0.4522354417395995
79.77571160250619,2680.885977854095,0.8084088895884778,0.3744864628026605
70.07136976832228,2096.3012717954275,0.8466410854975323,0.487234531848181
77.52023257758923,3040.673245672158,0.8142120005444624,0.443939236315269
72.3487119081378,2226.2038582526175,0.884102603285631,0.20705513099977318
112.59367190518405,9792.341949132306,0.33605013766607483,0.7052972024501662
74.46484820022721,2301.336648441813,0.8209973379314979,0.6088769654216672
69.82378838790314,2152.463353953111,0.8619702250267688,0.4623699275075004
72.23175347326409,2515.9011016330983,0.8749842555151467,0.5018819049740598
113.25719575269332,10072.061395634079,0.26618295315603907,0.38283456526824383
84.82362566458195,1944.6176064064905,0.8537977633958044,0.6695722877810866
107.50642691546028,8945.899648954779,0.21684260223541968,0.6897288694773112
71.50137246003708,1916.3906970855899,0.8741124476340328,0.5156693728246524
76.0698995536711,1659.79181831628,0.7881168788836351,0.6023530644185344
74.43835975154585,1767.7906200781108,0.8934578032194637,0.5175286778933924
73.89515200233389,2235.4313617682437,0.894364541863337,0.3663274561124069
78.07083350021712,2667.9618017405624,0.8118356947910709,0.45881766310363425
78.78753855023652,2157.8686119291924,0.85189689177238,0.5131927966771958
72.34749426194736,1521.6467751859263,0.8841664496405535,0.45454522812565556
72.1209087967766,2177.8410672880564,0.8395343090210319,0.4781346722564964
73.62474151424178,2478.6525946582606,0.9036489023883005,0.4908600442490886
63.49039417632208,1756.0868382722472,0.968193624730968,0.49191215021345386
67.42404468900725,1946.3931333308328,0.8107006983682509,0.5052258490497483
81.83437133722262,2005.875277891679,0.7809477698423113,0.3939394933603399
83.22483856750642,1686.040674767104,0.8651909297802438,0.42829838508720636
73.75481980221811,2259.3121735375435,0.8860781252563071,0.37154157343000305
77.88278481527882,1951.6207405568873,0.8384566813077615,0.5977815549686201
76.55625077271768,2167.8129775628113,0.9226630331660517,0.28943530581596755
90.3944040422762,1645.00312887916,0.7830697100138375,0.6153590343316926
80.59787455717289,1825.016679870636,0.8846459311515805,0.6386349397262844
74.36041204259617,2288.9525431311085,0.8197069589620554,0.46978194130173784
70.22229779699788,1850.8667391632932,0.9359688953103649,0.23968629121727014
116.31911578830413,11319.758372849774,0.37587861136143913,0.46386894380327093
76.01731817933612,1840.145525754159,0.8116671706108326,0.49358158387111806
71.21824627357849,2089.8738903007543,0.822522143204571,0.3989401780071087
67.88873145201163,2373.036332749236,0.8929793943489901,0.4484781606191757
71.76713557878736,1432.6537068267874,0.8306434675105242,0.6530195198863351
69.59225998192802,1295.6764752076897,0.847729439103388,0.566492716230174
83.43570817536282,1389.737474171962,0.8512694210271204,0.40754358856219
79.40819878474726,2505.033641370873,0.7540163421901172,0.3402400830404568
74.96013679341691,1779.2567416430213,0.8493081126952882,0.4672982682390229
119.30897269201242,8029.852561668878,0.2496574959261692,0.4786543220649562
75.38684153823809,1774.3009605370446,0.8253438588800114,0.5496199187363316
70.69357899335868,2073.820521278815,0.9221816001734406,0.4464683287432341
82.61562038634828,2616.84398102715,0.7871746552860371,0.5511499575361861
77.69455021842329,2802.4371552636494,0.8906602593373989,0.693515404006023
69.81376922836772,2824.6014306545594,0.8360518534834096,0.5815501022444263
74.04830660958196,2483.346492237257,0.8360119915752082,0.49519114926692276
70.62190873307621,2409.6250103245848,0.8895185948025855,0.4816849528946705
68.08600134517832,2237.010779680473,0.8670025647284445,0.4643326865820129
79.63088773765821,2311.344430466655,0.8785306498609765,0.6180640912452144
84.54708320235065,1779.5257134685867,0.898409233026643,0.4372686554048697
68.00716213090429,1672.7204466310773,0.8334345808408339,0.5045222708999982
77.81484618345286,1998.650217035619,0.8193881632746125,0.5051197901881085
71.74678715439086,1931.9261509900286,0.79574247367211,0.4498215807188468
103.3307702699454,8817.025871745585,0.22932166007200064,0.3627534452115899
72.03803037880566,2278.554978982686,0.9974547212654362,0.5322974503617668
70.68004615160092,2382.1220834282044,0.9122339790368393,0.49389960281446166
75.24260813972414,2035.362754516739,0.782446281689599,0.550024046943657
70.84524941794481,2591.0120324221048,0.7838771021628215,0.4466399693560833
76.3522841288992,1543.324354346598,0.8740933030859246,0.6220821298813048
118.19128854760602,11049.444854828691,0.3435122765297072,0.4123226218788155
73.80525976566796,1713.271071758878,0.8774441917658682,0.6712040284017893
70.462181689792,1253.385353170776,0.8372522103223151,0.3252363490171738
72.11614334715834,1966.9277256629202,0.843727286999855,0.5434770064556891
78.77695612912878,1951.3009966466866,0.8663939762079679,0.5475430682526623
77.5045859381219,2605.3798972968525,0.8542946503146664,0.42044429320591176
70.11222377600724,2252.324673821911,0.7390349813626232,0.5424393937861013
105.05674801380579,11546.381766009594,0.2893748390400878,0.6279518669760159
78.75693561685894,2741.6370265336755,0.8074296782869843,0.27831811606459356
66.65297359439315,2488.413478210141,0.8587605709454256,0.5502744807490815
77.71680096189968,2232.839081387446,0.9992629501301705,0.2506729179669922
114.74862882854245,10381.659206480434,0.32459080883667635,0.4034335196476792
77.8529933429658,1616.224305310608,0.8343235156913801,0.6629166364900945
71.18370421728741,1851.1172895715788,0.8960900750988626,0.4418217966607946
65.9755894966774,2435.4994478816743,0.8741343943604606,0.38261200355910274
66.86228781058419,2753.8345223738434,0.871004724522592,0.4802062271015318
75.24042473330691,2617.297411308876,0.8803425296607835,0.7067906338163552
76.2986125086074,1804.4602312854904,0.952827178241477,0.3168317752793974
70.47841687447796,1552.1530266843956,0.7934555782337042,0.39486900883606557
78.19296229388686,2056.3544987644814,0.8736816038405727,0.6497431683179626
66.6923996886552,1292.6242537748594,0.803680943500923,0.6857702343537733
74.66960100676341,2129.267085673913,0.8777756323171124,0.4896568775709716
68.94491900118771,1940.9589654805325,0.8040656744256952,0.37609472974733577
71.7408194609892,1813.5853992527032,0.8291316593197458,0.7095843501809159
75.23699335658208,1362.1187730932818,0.8352455042881046,0.6594442391749197
70.69793317358024,2205.4400426278867,0.8987908359672354,0.5678946987762233
73.07722227885087,1786.9196641352355,0.8959227221971207,0.418759765106258
80.0314640460722,1532.0332657158847,0.7877141311776807,0.49509706591619634
72.11554065238425,851.0951146873404,0.8527467055499924,0.4839639918955169
79.1784605603257,1988.9940379797456,0.8145210072625414,0.5330851304615578
69.35146572671191,2708.9006386678975,0.7870747544662332,0.6451001438131336
77.64902088957642,2664.503685819148,0.8391491474787814,0.5879417041137404
82.2078431032895,1817.1614973654912,0.834575860577209,0.39226239230152415
62.641777499363556,1759.1151758552878,0.971335824317276,0.6376496450019538
71.01552372264761,2187.5097024300094,0.8716479912680348,0.5313132140013155
77.8853606359027,1600.6458243246834,0.7811191249622881,0.5687065795858917
73.98477306978504,2120.7167599277864,0.8217612997914528,0.6466540859278603
76.85572936685655,2306.4321113538763,0.9010691647714699,0.3888419750486449
71.9800740664209,2490.773289553723,0.9544221386434962,0.4964174421293537
75.4329489373645,1959.9383694080188,0.7707008343881021,0.4468545448640785
74.2216138230396,1918.5304999292136,0.7560037807430477,0.3432140574634544
80.83891030829903,1648.8069652973757,0.943548258768589,0.534670997760492
76.27210421650607,1669.247858384056,0.8694807088685452,0.7511556551584424
76.68801331037601,1909.4084432393893,0.8065853634061817,0.31599222554942474
72.94061516938767,2146.9462027264713,0.8767314543061218,0.49677193889505294
72.56196887963753,2365.4338504933,0.7182126130491561,0.5640542935074774
72.8372090609019,1678.728419727862,0.850168775329858,0.5123078201656182
76.97226071189148,2597.075427583809,0.8663910586421543,0.488687194748426
72.89507759589868,1891.5505595829725,0.8962135069768915,0.3700783636554176
76.44887428448206,1991.4530822606255,0.7993052023853731,0.5232786742940163
85.37700399322719,1701.1153283408707,0.8542843580701679,0.4243236022984074
79.35562351715846,1030.3038958908232,0.8037287686970206,0.28100782950214465
73.3698823391608,2353.61815854442,0.8627691877837158,0.619459222051373
81.00606961081972,2294.737558836973,0.8052326838818488,0.5958385819842043
72.95962313489224,1887.4689771527146,0.8295949580419889,0.505166097685108
64.80937732411073,2026.7962868899488,0.8002092302604885,0.5229074688205703
69.95956844541298,2206.3756870816396,0.8825568120911829,0.6074318012715562
101.13251114755116,9943.542424758452,0.3245093980924564,0.5224339656778083
73.24243257979346,1788.378929061482,0.8382689715021293,0.5904017554761314
75.09209189594776,2317.705871848731,0.8519118997480014,0.47025177991261496
83.38218656137641,1498.2842307323003,0.7775704292683228,0.6311983738573946
76.63463686882082,2117.423172866652,0.8350161675996606,0.5320785725932684
73.90449735595568,1457.367278150638,0.8474897691479127,0.5194051943605874
79.14702790591744,2186.5719929734105,0.9810396545514988,0.3729938911287968
63.944323454960575,1985.7434070810066,0.7944016487112918,0.5286955854301709
76.17807279054283,1353.9472736377961,0.9232088619376219,0.4168045082505549
102.00309995013534,8946.881903415331,0.24686501313010537,0.4361717273471506
67.60706877110078,1706.1633692807804,0.8640318202245068,0.4184624371683879
80.71877021603464,1675.8990251942475,0.9379310242097567,0.3933765068100775
76.69248203747208,2080.2276788923773,0.8686052736303431,0.7124771403016962
72.923560430496,2459.454939771486,0.8694579597833965,0.6331339061988404
78.16390933053142,1593.6712724086412,0.8473439673491228,0.6920367502144261
86.35346428902199,2024.6719399391886,0.9111784441209314,0.3777104980444436
75.90933127529247,2171.5266001322293,0.9048234616905442,0.5071253749910892
76.24110293150169,2277.2422429052576,0.8187161356251893,0.37064923747959044
72.70319550229878,2070.57662211089,0.7840376402700616,0.4304305122802936
70.75077815267605,1853.1888643666712,0.8398509681302171,0.4081873016583425
79.15167908272123,1668.9639117405122,0.8099980717801176,0.6239584006441562
70.71958087045566,2034.45755321855,0.8468237712692323,0.460377032189824
75.35783118609696,1571.1443952057573,0.9118719067342069,0.6068379333694016
72.61171276617442,831.459806602157,0.8271349172456605,0.5604120889588518
115.24259240900649,11984.897972178554,0.32630887573523204,0.7303638752104789
76.66831052643474,2361.573936434478,0.8529011367404198,0.3520555776860276
80.18769972128949,1054.8270257832646,0.8924215441102642,0.6259233239786799
72.44991800572626,1596.107718116025,0.7376555333007697,0.6146440870400728
73.65062532353315,2247.661704402079,0.8196649852617351,0.4026621161972965
70.10618142108846,2822.9981878846793,0.8605641846139737,0.6007133336473159
72.77853369961944,2008.3174830701632,0.9100039478213431,0.5336144963026229
76.88650246522425,1708.7988235083462,0.8254048776246897,0.4772523740046592
78.78494308322676,1926.841423558064,0.7561723646979063,0.41760645130280005
70.38917337911187,2549.950567659274,0.8809855722983068,0.4280890548550814
79.3480296005283,1741.6143283501858,0.8182318805587185,0.7049812095785926
81.77818929402476,1680.3231973398986,0.790516667045482,0.5000682818957483
77.0671745161185,1806.902591127187,0.8187827305143388,0.5782130001531459
84.38397906279033,1618.668556696515,0.8407737321172075,0.4209100618332447
71.13105400448214,2049.068126397918,0.8197627667730893,0.42201470537783614
68.77672648344291,2649.871383387824,0.7397216971450465,0.6081984809249943
66.10639875547861,2129.231709246412,0.8948533098443566,0.3650423788448468
82.48022155744592,1899.058599149485,0.9137437520639361,0.45847862320947286
78.27182828177028,1883.2754924337823,0.8825760995669752,0.5034027411072232
74.72207664544773,1374.7236765213372,0.7931157164787591,0.5111372601840053
76.3998431315991,2353.2439108588637,0.8399254233026241,0.48209067149838436
69.37255476350812,1968.8651211948793,0.8496739342385271,0.5395819781095923
87.22875989808414,1927.8080345637497,0.8799397194780955,0.5692855755817812
75.64610590987614,3277.2430271379444,0.883417024435904,0.573463754545933
75.54697397302446,2119.5011633462746,0.8132913100610752,0.40141961913321733
78.62883311949346,1699.2835799619263,0.854099777820678,0.4715844902071203
77.40504615868356,1829.4569615177827,0.872864020230762,0.6194762861876938
76.11942012139566,2459.378283678702,0.9227911161073383,0.5894647187573873
71.04762772277344,2045.3081642151058,0.8852253269912361,0.36271405485189356
77.35734178567998,1424.6888086730532,0.889452834368776,0.5351479900352202
84.41012248237517,2367.6915738300813,0.8541913313964681,0.30217747506251896
81.7271002307749,1732.7423657844024,0.9205229572601752,0.5046934902060369
82.96593313319698,2749.3191104870184,0.8704881397979749,0.6897767016745977
119.28706468071974,11252.568017926902,0.24779953604231028,0.40521072827310134
70.0519758987071,1821.0712417364996,0.9201684985062595,0.41656769545084177
74.37106539950176,2512.406544694045,0.8848951636269513,0.5764029781572859
75.27862456144348,2027.1422042109614,0.8278477989435759,0.34571984847903536
80.47095759235474,2341.109470048888,0.8260253516300378,0.43672449701149607
66.5376768514259,2193.89312691779,0.8648287772570381,0.5596441137581752
82.64775159730307,1661.4573380036506,0.8731592397633792,0.4365714152310597
74.20996050710505,1742.5800670730152,0.8598646132815603,0.47640300127890284
72.8655946502629,2411.9843270324645,0.8655654336721442,0.5744185710315035
69.93947812369916,1866.0898671573837,0.934997868728819,0.5421546083536561
66.72571664067115,1838.5406147032013,0.9035771576117443,0.5266818396295402
79.11585291980957,1617.9509682602588,0.8595317795632512,0.4660877720729961
75.36658983594202,2169.4396262373843,0.8970655290383741,0.5370061115268956
68.55019550129472,2825.0099676972577,0.798373804823623,0.4876267319900243
68.52460613968192,1572.986834298291,0.8698963524973404,0.5457805609925784
73.32107650354936,2009.6877826691032,0.9404653174866555,0.4503067974882022
83.34510762644696,2564.8882221661715,0.8390977052303813,0.4817431025620459
73.70204324318198,1968.143443501714,0.8076183035690457,0.4010042207447986
67.48428523440947,2180.9487184998934,0.8173955555703469,0.4964992389993764
73.77128467957027,1575.042588741248,0.7955183481328806,0.41889991363711554
73.63638215126164,2171.3228388830594,0.8107619045936147,0.38859535498380066
61.515566785292144,1925.1422939981805,0.8314745950704985,0.5258661147855388
74.72852566741093,2394.291998271945,0.7797216490410679,0.521273977585766
73.84532734895662,2474.9544206259006,0.8507809166974801,0.5782873734948573
78.48103182406709,3035.8254568074453,0.8951138586893324,0.45688744304249007
84.24478047472672,2231.85326928543,0.8046121909926539,0.5408052846836756
80.63282514773879,2130.3185266328665,0.9259641961820884,0.5550797572273664
101.76793934293516,9033.201716510368,0.26831407740631363,0.5444773807831594
69.46737045629165,1858.7334828757246,0.9015290292812028,0.4174346317197858
87.8667990162493,2135.3935373846766,0.8171082723073931,0.5149363482271189
75.29609217007244,1881.8394359443882,0.8927262613533308,0.5364140296054661
75.06964645956474,2067.3843905078456,0.7954033049802344,0.5007178466907942
74.87937456444999,2527.039014243184,0.8945123750418255,0.2913522341628915
75.99042380383928,1597.3829738881436,0.8585919669896765,0.516048962397348
74.27819794038028,2455.951424451618,0.8776625609992391,0.7212531039397242
72.13168996559882,2526.846026935946,0.7912202697187574,0.46399607312430174
72.26570529379804,1952.7725892035685,0.8052465078861697,0.42719229021446786
74.83623364892001,1151.2580403965621,0.8798614109126692,0.5373348559711398
72.28287614433117,1756.871205162227,0.80258259978879,0.5312378210466572
71.43577108661418,2518.7978186244436,0.8731603146049561,0.6192735165416414
75.53215113845948,1990.8527750804471,0.7816431096769877,0.3742131844091112
73.72511391289572,1600.2791070820358,0.8924087106333334,0.5731380252574992
82.51996494291345,1798.090031508713,0.7883738342615745,0.5590422061251463
61.74515095803494,2336.248010601821,0.8776149968839762,0.4857853463059454
80.45753425961232,2218.6934272805515,0.8812815466823001,0.533868731792169
81.23042596248814,1904.4271603321222,0.8151614090785212,0.6029457481598357
64.63304883795925,1853.270235274125,0.8791013283542364,0.587231538002845
73.28656202959826,1843.2967403824712,0.8630221131666778,0.38569806879262714
73.14279567002104,1631.035926200599,0.8230579071903631,0.5820158186755484
67.9624415264109,2646.150275787777,0.7995722657961896,0.49353113949674815
71.11091656204562,1871.071812315464,0.751868715416371,0.5072874098015515
69.44712077267086,2486.8634083301986,0.8674825023649847,0.5073196991001695
83.76135221711812,2608.5264207689806,0.7717598614318972,0.484975701120174
79.6783919657373,2399.3243592591843,0.8547672099720653,0.6191707497107065
81.3577754749708,1827.3518749127807,0.8368275891958875,0.4916282040150788
78.60836032021618,2161.492036134644,0.8839571387719097,0.38804538716168313
69.35474114391386,1990.3217574436335,0.8348977250255067,0.46064701440302713
72.37739866860113,1638.5192557079488,0.8335276106826454,0.5178694716810476
77.4468728061396,2129.743712688641,0.8865935352144148,0.622921478429705
68.88936095554027,1528.384083536079,0.8667529014542058,0.5603094684948834
78.56499215086194,2475.0717553846252,0.8658077978591389,0.4149464721252956
73.79837300920933,1814.1530810806428,0.8734633794904263,0.7485189916678892
73.12589596225202,2080.4638623491355,0.7732213938396447,0.5264775310977979
78.55479984101746,2113.315148618457,0.8878394339993491,0.6275390737999015
77.2213165574302,1896.438010518369,0.8806234397006801,0.4848285566422771
73.1951691709046,2234.67752059011,0.7991658435711751,0.5533359244705449
80.79664901682123,1810.0385373509903,0.8377959763162899,0.5839468504518405
69.59468336200051,2348.5189189828975,0.8480346356186185,0.6218194711754256
78.07967803472133,1461.6081279013006,0.8432751607799134,0.6057368305378226
77.96550628984193,2050.5518318185646,0.8666929983284267,0.5872197000072978
73.45226780343005,2775.571599623314,0.9215683390915591,0.46849132688058914
76.63066511121059,1599.8674701577702,0.9040883363836414,0.44282539580439384
68.74443211807349,1728.9020117900595,0.7843890403284297,0.5332607510324198
79.6201350960345,2205.563139863566,0.8811034995153024,0.593312807234107
74.07548931778506,2071.8327127758394,0.9164466659767705,0.4777279299223393
72.38638489740481,2140.2520397094236,0.8693404260344602,0.6065171965714387
80.24504612918444,2195.6748520590654,0.9045490212592984,0.6452616745486179
71.4782815472862,2253.888587424708,0.9506135222850383,0.408367908092658
67.9576935181822,2443.8799367824895,0.901185477305349,0.416307929620372
67.21685413238048,2163.927462771405,0.8624654297820864,0.48596249410946635
78.0300497567282,1903.496938152583,0.9022544237042377,0.5307612668189197
68.59785323751859,2269.0294804810924,0.8572443916548446,0.4475432986232949
83.77397090992183,2759.9527739580863,0.8511951521642478,0.6352202678867145
64.59035296058138,1946.9465014469706,0.8324292882143134,0.5424066861518451
83.48228184145019,1610.1882781317433,0.9281706679416054,0.5039447048240739
76.05508733601309,2442.832267714789,0.8090785667028999,0.35640904761314723
74.51643444064804,1951.8475344185606,0.9266183862339058,0.3684184183572493
72.27540456595526,1130.9321815943854,0.8749932061870186,0.5281009250281806
119.72353594567389,10507.210520259376,0.23193326987343016,0.2867404373845164
74.81182648787576,1785.868725618431,0.868382464649571,0.6012637409644072
80.5165094100826,1963.7866870783357,0.7449986746174188,0.484184615562768
75.5711382433102,2132.7921322276056,0.8812754008415518,0.8243092969594734
75.75150880730939,2076.1998719116264,0.8942615741494495,0.7307916250616111
73.18193893893073,2283.7807268556157,0.8203822022173973,0.4818550930752483
74.71527188139466,1825.8054517720627,0.856177384797779,0.4893662997468685
76.5390088444603,2205.242319270433,0.9477078716875142,0.599558151400203
66.44915803671687,1896.181328966433,0.8247126647869032,0.6703172609918038
68.25907288947144,2295.524192355001,0.7970546206471699,0.3361970942563983
78.71632047011357,2246.1469936052213,0.9240831701231299,0.3213624534645313
75.85432719063971,1625.8245191821618,0.9481293595265398,0.4377965194445619
74.0800833182366,2434.392846470013,0.8501847835923924,0.5582737583173865
75.09216966532696,1785.6146219543807,0.9005731517704177,0.5496873590507597
76.73790852680835,2323.223119312458,0.917073795776544,0.606977145498385
72.30120159845319,2146.9149253605365,0.8128757883730808,0.38003024716346917
71.10847637298843,2735.273470718049,0.8257347082316066,0.2683856137031123
75.9792262754884,1910.6136070512591,0.9115437256577368,0.5858014195302146
70.10813611192484,1860.273281552721,0.9342507139354255,0.4171803727034765
77.04126377857236,1992.232157644907,0.8781440430087177,0.29815121356113616
66.48708197881079,1878.72808686629,0.8060092823248972,0.5145063745959382
80.14577818662822,2319.97676077682,0.9493530555849721,0.5793175688218677
108.75530109976256,9446.160751051826,0.3904528029066745,0.4877942867878723
76.28014867156938,1578.5270323414584,0.8332431109414273,0.45421516138175105
79.91345491972757,1572.8788313683228,0.867116891724481,0.48406377678540935
83.32737222231289,2380.1230367894304,0.9277080210357387,0.4629417237599217
80.07185032509065,2684.2453490327703,0.8926987988276112,0.3651952888059833
65.79562884334177,1958.2203125850115,0.8707432750180955,0.4285319323009568
68.6021151663215,1932.4713107239957,0.8731644265059053,0.5521279905013814
71.8759071115216,2028.0208652452725,0.8521757334321732,0.53216785413765
118.7235312833301,9898.134250489762,0.3085880888978656,0.516805980596682
77.58829510234561,1629.0587463237703,0.7235219961152848,0.40048515181466204
71.37128093423267,2095.347593093914,0.8351696270465101,0.4818496837864333
75.9338338223854,2390.079051912972,0.862066096745839,0.2822934953557145
71.22308533823339,2200.437667975938,0.7924492958190246,0.517847666388539
71.94241098504025,2075.8326466394974,0.869316165890578,0.6428857707813568
67.96669451575889,2400.4184370268563,0.8397764389506939,0.3525867867957894
70.38383376944547,918.7070828003052,0.9377737849157745,0.44140723266822446
68.24157697191833,2271.1501278123633,0.9286509862607428,0.532910677871013
70.12063373511333,1738.3697267490304,0.8267097215440918,0.6252842634427483
80.2682089830392,1267.7468412574171,0.8424581144216652,0.45517753836998504
70.25300555584029,2204.481039809992,0.8463026217195804,0.43077496707341034
88.16191032418695,2549.463418065183,0.8274170261920188,0.30310768575839164
101.40137391442379,9920.734061047551,0.2089721115255434,0.5103438129308107
75.92418061847437,2381.1498188811756,0.8120858965556205,0.7042076040143744
70.70821109909393,2644.9113031954585,0.7934692332531237,0.5277358461964676
78.50154939704495,2525.9657814336188,0.8811355611950134,0.49777210208162864
72.12181086881112,2655.9858117485574,0.8814764792110905,0.5322082310766986
75.6100490732268,2296.850996428757,0.8097842120170003,0.49889079960513977
87.80042269134397,2030.1734555606372,0.8947677715381299,0.418698562773987
104.22862515997822,10346.406949618242,0.37849381879040234,0.5823279915677706
116.41698018526257,9434.970042171555,0.35801664999428756,0.5225761523111755
71.48411787437057,1662.7013618735232,0.8910172006306227,0.5017613251933657
105.14304702218192,8374.237627649341,0.34208436300248235,0.402463397272175
83.85400317817755,1929.6456750270654,0.8727370456070567,0.630350793193476
107.6566678953687,9444.864235903247,0.24916371740451493,0.566470274533311
84.06224278998465,2220.594150416187,0.8401766708285952,0.4447079162632698
78.53875967727738,2017.4409785489815,0.839707028455983,0.6001824853681937
72.18766612052866,2678.0204161723013,0.812671082672988,0.45024291616147927
78.1620386952776,1750.9402553062191,0.8411612918442108,0.4217996507488963
79.86277224813365,2077.8429820948973,0.7725690850568127,0.4240296882519713
78.10904981108598,1703.0117657207807,0.8254423126428947,0.3228931446911909
67.14887640054772,1471.9909955117178,0.8357562253315164,0.5471542380418206
71.36431412087566,1755.292363637886,0.837191012375231,0.316885512166165
73.76240682224248,1985.1852811806352,0.837925127706461,0.37715561687342375
74.62783285449977,1828.2791101930961,0.8469117900069936,0.29244119909214666
78.10336048775339,1723.0316080504576,0.8739720759043031,0.4913930307209107
75.88850500466627,1437.4730145312665,0.8937258537066262,0.4849679539728128
68.32327820644949,1966.7577709485222,0.8175117386575866,0.4673303786813636
76.90098925502981,1398.1118503875991,0.7898399572305428,0.3957422305329424
78.05292872641911,2304.022385475841,0.7978977793878448,0.382776624656336
77.7989522396552,2032.9759011738013,0.8256398539402536,0.5464369863546574
80.4039036277731,1416.979400214028,0.8324039341091746,0.4449448068291512
79.16961077274452,1876.3163691800546,0.8115001966901271,0.5316358321536144
77.29590039614219,1699.1374377637667,0.7851941667875053,0.41147513138757774
74.64917144270676,2127.6698041676723,0.8271939586262905,0.5181062742771082
66.69519533242004,2536.1801784092577,0.8590713310056985,0.6303278037316064
77.14809109566293,1249.931012141702,0.8797514732917782,0.5586165800392784
76.03843843581555,2046.0104316589668,0.8221288473445839,0.45875861817835195
76.35789418597686,1935.9468817733439,0.8293501088928282,0.5257198970355927
68.61625712089845,2268.5360305801864,0.8036650845576344,0.4759334825469787
69.59471729795868,2085.2786512950756,0.8484280414812612,0.5007880184694729
80.26576426666452,1699.2122673044723,0.8075785682904593,0.46743889478514966
74.80222423071673,1872.3784257333527,0.87865639066206,0.48356647941146086
78.40750348686312,1681.5896572786044,0.7607066754032944,0.5212093353074175
75.1415918806523,2430.4028554394395,0.8320185163773769,0.4006641300418049
75.14878069747873,2008.524659468777,0.8650553669595871,0.3984121173010022
79.69141902988,2760.476274301203,0.8591917258161252,0.36114574461687887
118.31628696381487,9690.746478629702,0.3976027924130843,0.339972889549629
75.48060388470492,1716.637293235815,0.8674900012283954,0.37827173077795206
72.6886235564748,1394.5142429548691,0.7997972701578995,0.5159462506804129
72.82751886283842,1278.744129497622,0.8452267876455464,0.4107212484508116
73.4541393826568,1366.345622797804,0.7611876833266774,0.5513614464231096
76.11066885816857,2106.8506604045933,0.8459700125351619,0.5034713748752562
72.60625689168262,2203.4900092919734,0.8083471971499621,0.30314957865619463
119.54876368408024,8932.075857587339,0.24241624749547555,0.565497558422169
70.52696348890248,2358.015325630446,0.8225229862702232,0.581079864559171
74.0656417791932,1806.7755793266242,0.8441617042102376,0.40061373251651466
72.80134470862913,2058.71720479422,0.8182221079297798,0.5420191542894992
82.23488942176867,2644.88825130217,0.9369425675926666,0.4143501762590801
75.98277388255788,2358.7357263462127,0.8339378616941044,0.5097670376748336
80.15922269734317,1892.587740837667,0.9416278521739601,0.3735501593045034
67.57219813481514,1643.523109833885,0.8907075881059133,0.3206893547465423
112.66357349791545,9669.531767201894,0.2812664461927536,0.46171828103870316
79.44815397811719,1712.338672303032,0.8684366573658759,0.4876271053725164
106.2074177821624,10139.19786512477,0.3066110580189423,0.46023203063853957
80.32740187532676,1605.1281891395265,0.7536163710327195,0.38159694417774404
72.41355774949814,1947.4972131630782,0.8360558302924621,0.4600100937868863
82.0467372009279,2030.7407531835072,0.892257898559216,0.5269294752580734
86.49449061809625,1910.0576072767685,0.8475551408262947,0.4955106969877463
112.53506697084663,8846.026997127072,0.39691517927522263,0.5182501030599214
72.77248739299614,2067.461868786691,0.8473797774711265,0.4329884799545767
82.2669223855885,2176.7762598277636,0.9352052758127746,0.6171717914716159
116.4600714889387,9280.064452349567,0.25708081369268454,0.38238266634452195
72.38569986423366,2564.3729518985083,0.8468997995316984,0.5487560297086719
72.89906591452072,1960.5647470862953,0.8975724638529043,0.6181891092959961
73.59107695569746,2007.539849177939,0.8316746489815974,0.5480908092748895
68.27774744482862,2283.2857693026226,0.764806420658664,0.479747577293517
70.40674026757901,2093.2864525054006,0.8037767005935222,0.44717029533370206
69.97929616623966,2381.254653565298,0.9281444384254098,0.6036087651046256
71.16101217447935,2114.8496660807295,0.8363003459085347,0.3577025074738327
74.8265755630661,1755.025050143825,0.8378308010312491,0.40298757396203566
76.1710736626826,2144.6014100824405,0.835008090186256,0.4602442234508278
82.75250246407039,1542.5095170717352,0.9452068294786503,0.6237653757511998
70.00822979630604,2043.4238823106093,0.9312979457681032,0.5379767636040896
79.92161199238292,1986.7080037422156,0.9609390116724067,0.40319542414897547
73.93005577887246,1916.753257090984,0.8420477394799974,0.46896922946150965
74.75268145173783,1948.5849954244277,0.8647812244373547,0.43856768559037057
78.37409746083301,1247.2603818009443,0.7741678725289605,0.42902110077664646
69.3863898921885,1780.5100369036154,0.9238467213059137,0.5978889558556779
76.91204873092025,2037.1379604564459,0.7916110224366032,0.3628256870736494
75.83226104106528,2063.94255679896,0.8608387781881315,0.6608780855734373
77.46225632004075,1588.9299436296167,0.7951348736183578,0.5828229690184623
76.44584321953909,2506.2831363458804,0.8205566586630652,0.6090861670603698
87.27650069955448,1653.5300607141996,0.8081368784475149,0.45370604879747417
71.81130007874341,2387.7828802106947,0.819606236966209,0.4850059280920891
109.9348685601197,9804.520279191365,0.36218703853452217,0.35668481854752876
71.88429736787617,1741.5090760624787,0.8225865602537461,0.4475337592933197
72.22261440419872,2710.1243570438046,0.8916666955890153,0.5493654847643151
71.81306436346742,1522.545267297408,0.794756860346874,0.6296063061781396
80.94508265553776,2367.661669444001,0.8610270713506933,0.38928431831975485
82.10252123994927,2400.2329272171914,0.9108979576152779,0.4634494063014734
72.14626853125262,1731.751916369342,0.8243401817743302,0.48487007797674775
111.61537167228843,11667.024012474987,0.2737450310941692,0.36042107978075144
77.35707778193202,1899.9813941604189,0.8384737687409874,0.55913492417584
72.23888477859515,2115.4774517119426,0.9089862604180354,0.4276009668257391
78.16465908877755,2104.1287355084883,0.8597053815476678,0.4804609648822976
76.01461510425649,1946.2765034117808,0.8234392852696201,0.4548050628088122
67.42127942501384,2324.323309263913,0.874193832559402,0.42106614942803255
82.73752600665031,2317.395488220885,0.7948853925081788,0.4992955014519445
83.9793883654776,1300.5872107047276,0.8840679755221473,0.47843904214319777
71.93605654757806,2521.7360971512608,0.8704303653850883,0.46281421177213344
103.27457915758342,10353.724961813808,0.25625691271060685,0.4271538378319657
76.42932695362452,2413.018481736663,0.8080707100776384,0.5319524670782956
76.67228394993512,2450.6820547310335,0.8056659538858271,0.6653617268492285
119.6276666848256,10677.07316700334,0.20141836255487422,0.5139887232839128
85.05102269383175,1835.6742848181661,0.911449025124453,0.5996118214911129
74.11526386252976,1557.7181326056257,0.8181346126485602,0.3609778074846537
71.00851377730773,1914.0315878845058,0.8729193351775741,0.515776143929377
68.10340385992737,1876.7862863257035,0.7456486490698966,0.39026316810289335
71.3453498002904,2311.864212907736,0.82076911346714,0.3523075072468098
74.83436513563102,2524.1234984478433,0.8484470533564549,0.42606285925409637
83.97278931758893,2558.2735243159823,0.8045158291509082,0.6191899334413573
72.41194350481915,1775.1327893686791,0.8031746812605202,0.5950015828669646
76.11893975819449,1916.3112505021888,0.8166110221765557,0.52430047220544
74.91788551963624,1326.62472311162,0.8646096364163186,0.3467299440110069
80.94196636724043,1677.6519734015246,0.8406335490796812,0.48037193486120633
87.63466212936811,2385.940653238983,0.7380884383337514,0.5301700008901735
72.3456561353984,2646.2331294192927,0.7439649923682466,0.5175536229578598
72.5528027874089,1506.2604512480311,0.8196567411071412,0.3156206416519254
80.22080438534536,1763.0142963388423,0.8728843293026776,0.4109682151980128
78.40945744813156,1989.4376972164291,0.7126247578637382,0.49359222358512833
84.23353662868017,2112.0644635278427,0.8250134911924184,0.553629090951719
77.91964092662982,1676.1585920313414,0.8236876071741289,0.2803872178900053
73.2035395460647,2169.624417785636,0.9194168889104224,0.48378760245201413
77.95327415346155,1810.4642611716336,0.8307489094143568,0.5143048769878953
80.54351790291454,1994.2190916486884,0.8691494492370464,0.5849611988516213
79.10241090598682,2218.51369920148,0.8570628570043731,0.5692857584237436
77.53637015553649,2002.568907924375,0.7434716760096399,0.5582571318808806
80.33337344794577,1825.4456437893725,0.8884103608315869,0.42000594932980656
80.84647795222837,1956.1560784296676,0.8607698252728144,0.3091997862876692
81.91079495518764,1964.6548163178659,0.8754134319837295,0.4606947242938599
78.24354943794822,1851.9955880471489,1.0463118853218163,0.600163182520856
74.16440959841573,1896.481574933159,0.7457943530250706,0.6393454527524431
75.73356843216662,2639.4588682018866,0.9362348324880554,0.5710549102297785
81.03254483254179,2224.3677791764953,0.8356276240299823,0.5429340822801735
70.91532164506381,1881.8078727883358,0.8643664452201505,0.5379639648385965
76.8433665443645,2278.781761804294,0.8477243877349379,0.4443881253239219
73.0333059383632,1866.472204097596,0.8287881833300978,0.486993970644638
75.14372411467409,2469.2498550346563,0.8215083535880621,0.6669069525826331
81.39225931303649,2147.8568768792375,0.8664754367786505,0.40574419942081236
75.95549534009952,1957.0791423983085,0.774141315166416,0.6614778790709852
75.23218274078074,2179.086770324111,0.8875289583760883,0.46779718455079417
68.2007192951004,1371.6495391726003,0.8291902797557373,0.6325432109095078
78.7312678301361,1549.2930124360778,0.7934965330479821,0.35931849905024615
78.22742090570537,1522.429997440378,0.8274993571002093,0.5585904201164649
85.8162736165273,2057.177237905483,0.9128574608431286,0.4263229864052378
73.461108825235,2693.0059997940366,0.8232332456491889,0.35847328080758123
76.0957516383197,2892.5200584770528,0.867922680910481,0.5218534042410946
76.24691841855378,2255.2204405763027,0.8134521862142263,0.6009471788595969
82.88726639881737,2200.337789977783,0.887896092496181,0.4155058561406504
74.52352233806523,1279.5769063389043,0.8842753869395101,0.35009840395415986
76.39510762885169,1782.9304801063913,0.9424304416648206,0.4908155235665045
78.0394825485827,1684.8864992367044,0.8412218027250392,0.4912564671222819
75.9330456157818,1751.6609606995535,0.8834327402378953,0.5548319627554499
72.76783192724736,1932.7424725660842,0.8549033769769472,0.5949594571364488
75.97044996449154,1811.163768921149,0.9147935890931507,0.4940584818727506
80.36815874929886,1208.2800758496849,0.8140583806195635,0.6855503314794263
100.56243012555848,11494.137056980859,0.30345443395086213,0.5224234744535292
75.66484837073438,1570.9027897040773,0.8402651351941659,0.46535734939931006
71.49939592530413,2095.69874564446,0.8467905911445751,0.3388432640897172
80.97523314462421,2829.6330678999893,0.8545876242224186,0.47373404796838325
67.38406547608113,1632.2461633654307,0.8626120198213338,0.4663613054588864
72.20539076364206,987.8849909014681,0.8441885478439021,0.596030479628147
76.8860593753226,1885.5983112479557,0.8607356591585263,0.5462483624066854
82.8276201461717,2440.3838539994285,0.9289059028781093,0.38206308783673826
74.67124869463507,2783.3389816882377,0.8992724842807609,0.5172254386411037
72.22400236653401,1508.1801622190333,0.8934577296248448,0.5671531171729054
84.40578534720295,2198.6796892946086,0.8272230236988064,0.6528031359387833
67.75993049791877,1813.8758172879786,0.8055379585885838,0.588750396741406
64.00597021689958,1957.6206582783457,0.8977650279118876,0.5760846654311478
77.20007225026666,3057.737338806814,0.8938023396264897,0.5060085994615163
72.48972887823695,1398.8118686419389,0.9236335337875491,0.538831200542345
69.89383591434644,2101.4958645978295,0.8198009687015385,0.6249504900706159
78.54178223649677,2187.077268706173,0.8385225672319826,0.366722260252035
108.10394285150659,11838.982885847876,0.39316733376151675,0.4650560672783044
72.17960684631636,2039.1932613883582,0.8303764446969564,0.42274312512437595
68.59847800664552,2123.2202158016407,0.8998285255289723,0.5379153118726124
79.36228664140073,1843.3405730312836,0.8266752310385901,0.6230222175650788
105.39260017534366,8575.504621559121,0.3553642734480562,0.44030257132789263
74.50412068110309,1862.7230898010357,0.8404748447001094,0.2609695632530562
84.23318498023833,2248.6287559424204,0.866202851411078,0.458777925497553
69.64957616836924,1852.1558655825465,0.7926154305092166,0.5913473732017407
67.37237414537631,2150.8401575608746,0.854260472481695,0.553762990294988
112.6127058996616,10549.208626152096,0.382968429970331,0.5428186247810576
74.77206991822251,2450.4201003088674,0.8406551920919008,0.472000669812552
105.43435197796359,10512.121858278148,0.20393029654936956,0.3720969263780214
73.79381971071835,1290.7870127172473,0.9102997258273408,0.5515294321624468
76.76027698257148,2504.7686002855967,0.8888703676382256,0.4165718189965375
68.74230287904778,1637.7070796549524,0.8733335490983041,0.7184096733380456
82.2188230203663,1738.4934645404721,0.926050311357969,0.5570507208354516
74.58924410803715,1761.735482382603,0.802554173958758,0.4419351697446049
80.58647915794064,2549.775237268327,0.9373681598957779,0.43886147526113717
76.71362673188852,1145.7303144085217,0.8966095782130192,0.4907055793386412
77.28376609576893,3255.0994134639977,0.8381722356390526,0.476049807797825
77.84883640116102,2422.4227236264205,0.9067810073591471,0.6116833775529954
77.23854280008658,2089.2955656516638,0.7946853243794183,0.5186416169744046
78.21361379933772,1978.0423997534854,0.8087742919236163,0.4268368261091472
81.64576265066216,2114.221629943063,0.8195705138380149,0.6890440685155783
75.98260584850735,2208.4489713517355,0.8235511145967992,0.5049308331520223
78.54501878794257,2258.0862343800227,0.7971721178619874,0.5768839675968896
74.55132152856386,2222.2417864013796,0.9111541533547662,0.4391773492555241
82.20058607724737,2035.8322725020996,0.8370572799815084,0.5363115627744524
71.61803848970365,1921.0646318770696,0.8676252484178439,0.5311109991143195
84.00470216455408,1939.4906865385954,0.8214824316793159,0.3110350707903847
74.79921024677829,1922.0366878589275,0.7589698349725741,0.701527511046064
67.84612448940976,2453.508038746826,0.8635028679195711,0.6290644460922548
75.64052207455394,2237.4226889123447,0.7543872512290111,0.46028046838540126
71.59474171262559,823.8445461342878,0.8465682976957265,0.38977302595441443
79.20321774494361,2262.3603106119044,0.7815842480583595,0.5347561613803552
116.39354005560918,8034.4760103671215,0.33468394578228655,0.5086697699414396
72.7690828339261,1992.5164974216411,0.8955681361087361,0.5355668948563229
65.55229634527234,1844.5926187644457,0.855287689563574,0.5191577396194089
72.73846840375461,2449.6450879944055,0.9131853338827334,0.5506240989305926
62.88060336685522,2379.010584849143,0.8076842011267131,0.6447305699391807
67.08048588257138,1690.8489328705564,0.8771739689335046,0.5568103205128646
78.80207328072149,2162.820914849814,0.8599905216859357,0.3950344501090059
78.92900079325416,1611.3373061834857,0.8632010040666834,0.6362562852712452
77.12728780892482,1448.1527340844277,0.9136176750053384,0.6640614563488287
70.16511928435393,1749.313110164014,0.8866246051389901,0.8152056734512085
74.7614432192901,2344.9573889531034,0.8644361831412511,0.3876505966760402
105.30341482366711,9821.579620991763,0.21572534219795161,0.5242882013150275
69.20817655403728,2205.2341680389172,0.8019976852360268,0.2917901296811013
82.51699150883576,2290.038314739199,0.8438645533202138,0.5553149156379209
79.38681145287836,2206.471314845983,0.8546686187138326,0.4451799701833227
73.89517913085169,1743.4073619108192,0.7934898137663038,0.6923445794824954
75.13442919497265,2172.769017869576,0.970583833778921,0.4225385029981418
76.04191403973776,2320.1638100910727,0.9258197027626787,0.3310816962032738
64.79132565787855,2301.7165319254295,0.8801059160196242,0.452873625929748
73.76411308739702,2475.5653485898574,0.8536018430641872,0.30245122287828624
71.59007876001101,2283.3215388804256,0.8393895515049424,0.575109945450731
69.99189995052542,2140.5792830166333,0.8024040769988882,0.2934916953743679
73.59449853557022,2428.060095326571,0.8538740259259431,0.5028457581183159
83.98843263424762,1989.391496300376,0.8628876270071375,0.2922188180143803
78.20421430633505,1647.250139508913,0.7879119712259187,0.46797021954633583
72.14410505108602,1934.7732144224944,0.8667088208622449,0.6643378155804534
77.86291390678079,1702.0389420774204,0.8422370475587625,0.5360647891435795
